frame,type,column,class,count,uncertain,why,voted_count,centre_x,centre_y,p_cropped
20260626_131412_type3_-2_60pieces_004,type3,,cropped,,,,,58.0,645.0,0.997
20260626_131412_type3_-2_60pieces_004,type3,,cropped,,,,,126.6,719.8,0.956
20260626_131412_type3_-2_60pieces_004,type3,0,good,50,0,,,206.5,785.7,0.017
20260626_131412_type3_-2_60pieces_004,type3,1,good,50,0,,,349.1,784.5,0.001
20260626_131412_type3_-2_60pieces_004,type3,2,good,50,0,,,488.6,786.6,0.001
20260626_131412_type3_-2_60pieces_004,type3,3,good,50,0,,,627.9,785.1,0.0
20260626_131412_type3_-2_60pieces_004,type3,4,good,50,0,,,767.6,783.6,0.001
20260626_131412_type3_-2_60pieces_004,type3,5,good,50,0,,,904.1,783.4,0.001
20260626_131412_type3_-2_60pieces_004,type3,6,good,50,0,,,1042.5,781.9,0.0
20260626_131412_type3_-2_60pieces_004,type3,7,good,50,0,,,1178.5,781.6,0.0
20260626_131412_type3_-2_60pieces_004,type3,8,good,50,0,,,1315.2,780.3,0.006
20260626_131412_type3_-2_60pieces_004,type3,,cropped,,,,,1435.3,799.2,0.996
20260626_131412_type3_-2_60pieces_004,type3,,cropped,,,,,1507.9,875.9,0.999
20260626_131412_type3_-2_60pieces_004,type3,,cropped,,,,,1572.0,935.8,0.998
20260626_132812_type2_-3_50pieces_027,type2,,cropped,,,,,1084.8,530.2,0.996
20260626_132812_type2_-3_50pieces_027,type2,0,good,49,1,column end ambiguous (50 with a 1 px wider outline),,1100.0,759.7,0.001
20260626_132812_type2_-3_50pieces_027,type2,,cropped,,,,,1115.2,963.0,0.996
20260626_134020_type2_-1_30pieces_013,type2,,cropped,,,,,1042.7,998.3,0.992
20260626_134020_type2_-1_30pieces_013,type2,0,good,30,0,,,1043.3,791.4,0.0
20260626_134020_type2_-1_30pieces_013,type2,,cropped,,,,,1061.2,532.3,0.998
20260626_140757_type10_-1_28pieces_010,type10,,cropped,,,,,884.3,495.7,0.99
20260626_140757_type10_-1_28pieces_010,type10,0,good,24,0,,,900.4,591.4,0.008
20260626_140757_type10_-1_28pieces_010,type10,1,good,24,0,,,906.6,702.4,0.001
20260626_140757_type10_-1_28pieces_010,type10,2,good,24,0,,,907.3,817.8,0.004
20260626_140757_type10_-1_28pieces_010,type10,3,good,24,0,,,917.3,928.3,0.694
20260626_140757_type10_-1_28pieces_010,type10,,cropped,,,,,987.5,993.2,0.997
