frame,mask_source
vid_20240213_100344_0001,hand_corrected
vid_20240213_100344_0002,hand_corrected
vid_20240213_100344_0003,hand_corrected
vid_20240213_100344_0004,hand_corrected
vid_20240213_100344_0005,hand_corrected
vid_20240213_100344_0006,hand_corrected
vid_20240213_100344_0007,hand_corrected
vid_20240213_100344_0008,hand_corrected
vid_20240213_100344_0009,hand_corrected
vid_20240213_100344_0010,hand_corrected
vid_20240213_100344_0011,hand_corrected
vid_20240213_100344_0012,hand_corrected
vid_20240213_100344_0013,hand_corrected
vid_20240213_100344_0014,hand_corrected
vid_20240213_100344_0015,hand_corrected
vid_20240213_100344_0016,hand_corrected
vid_20240213_100344_0017,hand_corrected
vid_20240213_100344_0018,hand_corrected
vid_20240213_100344_0019,hand_corrected
vid_20240213_100344_0020,hand_corrected
vid_20240213_100344_0021,hand_corrected
vid_20240213_100344_0022,hand_corrected
vid_20240213_100344_0023,hand_corrected
vid_20240213_100344_0024,hand_corrected
vid_20240213_100344_0025,hand_corrected
vid_20240213_100344_0026,hand_corrected
vid_20240213_100344_0027,hand_corrected
vid_20240213_100344_0028,hand_corrected
vid_20240213_100344_0029,hand_corrected
vid_20240213_100344_0030,hand_corrected
vid_20240213_100344_0031,hand_corrected
vid_20240213_100344_0032,hand_corrected
vid_20240213_100344_0033,hand_corrected
vid_20240213_100344_0034,hand_corrected
vid_20240213_100344_0035,hand_corrected
vid_20240213_100344_0036,hand_corrected
vid_20240213_100344_0037,hand_corrected
vid_20240213_100344_0038,hand_corrected
vid_20240213_100344_0039,hand_corrected
vid_20240213_100344_0040,hand_corrected
vid_20240213_100344_0041,hand_corrected
vid_20240213_100344_0042,hand_corrected
vid_20240213_100344_0043,hand_corrected
vid_20240213_100344_0044,hand_corrected
vid_20240213_100344_0045,hand_corrected
vid_20240213_100344_0046,hand_corrected
vid_20240213_100344_0047,hand_corrected
vid_20240213_100344_0048,hand_corrected
vid_20240213_100344_0049,hand_corrected
vid_20240213_100344_0050,hand_corrected
vid_20240213_100344_0051,hand_corrected
vid_20240213_100344_0052,hand_corrected
vid_20240213_100344_0053,hand_corrected
vid_20240213_100344_0054,hand_corrected
vid_20240213_100344_0055,hand_corrected
vid_20240213_100344_0056,hand_corrected
vid_20240213_100344_0057,hand_corrected
vid_20240213_100344_0058,hand_corrected
vid_20240213_100344_0059,hand_corrected
vid_20240213_100344_0060,hand_corrected
vid_20240213_100344_0061,gemini
vid_20240213_100344_0062,gemini
vid_20240213_100344_0063,gemini
vid_20240213_100344_0064,gemini
vid_20240213_100344_0065,gemini
vid_20240213_100344_0066,gemini
vid_20240213_100344_0067,gemini
vid_20240213_100344_0068,gemini
vid_20240213_100344_0069,gemini
vid_20240213_100344_0070,gemini
vid_20240213_100344_0071,gemini
vid_20240213_100344_0072,gemini
vid_20240213_100344_0073,gemini
vid_20240213_100344_0074,gemini
vid_20240213_100344_0075,gemini
vid_20240213_100344_0076,gemini
vid_20240213_100344_0077,gemini
vid_20240213_100344_0078,gemini
vid_20240213_100344_0079,gemini
vid_20240213_100344_0080,gemini
vid_20240213_100344_0081,gemini
vid_20240213_100344_0082,gemini
vid_20240213_100344_0083,gemini
vid_20240213_100344_0084,gemini
vid_20240213_100344_0085,gemini
vid_20240213_100344_0086,gemini
vid_20240213_100344_0087,gemini
vid_20240213_100344_0088,gemini
vid_20240213_100344_0089,gemini
vid_20240213_100344_0090,gemini
vid_20240213_100344_0091,gemini
vid_20240213_100344_0092,gemini
vid_20240213_100344_0093,gemini
vid_20240213_100344_0094,gemini
vid_20240213_100344_0095,gemini
vid_20240213_100344_0096,gemini
vid_20240213_100344_0097,gemini
vid_20240213_100344_0098,gemini
vid_20240213_100344_0099,gemini
vid_20240213_100344_0100,gemini
vid_20240213_100344_0101,gemini
vid_20240213_100344_0102,gemini
vid_20240213_100344_0103,gemini
vid_20240213_100344_0104,gemini
vid_20240213_100344_0105,gemini
vid_20240213_100344_0106,gemini
vid_20240213_100344_0107,gemini
vid_20240213_100344_0108,gemini
vid_20240213_100344_0109,gemini
vid_20240213_100344_0110,gemini
vid_20240213_100344_0111,gemini
vid_20240213_100344_0112,gemini
vid_20240213_100344_0113,gemini
vid_20240213_100344_0114,gemini
vid_20240213_100344_0115,gemini
vid_20240213_100344_0116,gemini
vid_20240213_100344_0117,gemini
vid_20240213_100344_0118,gemini
vid_20240213_100344_0119,gemini
vid_20240213_100344_0120,gemini
vid_20240213_100344_0121,gemini
vid_20240213_100344_0122,gemini
vid_20240213_100344_0123,gemini
vid_20240213_100344_0124,gemini
vid_20240213_100344_0125,gemini
vid_20240213_100344_0126,gemini
vid_20240213_100344_0127,gemini
vid_20240213_100344_0128,gemini
vid_20240213_100344_0129,gemini
vid_20240213_100344_0130,gemini
vid_20240213_100344_0131,gemini
vid_20240213_100344_0132,gemini
vid_20240213_100344_0133,gemini
vid_20240213_100344_0134,gemini
vid_20240213_100344_0135,gemini
vid_20240213_100344_0136,gemini
vid_20240213_100344_0137,gemini
vid_20240213_100344_0138,gemini
vid_20240213_100344_0139,gemini
vid_20240213_100344_0140,gemini
vid_20240213_100344_0141,gemini
vid_20240213_100344_0142,gemini
vid_20240213_100344_0143,gemini
vid_20240213_100344_0144,gemini
vid_20240213_100344_0145,gemini
vid_20240213_100344_0146,gemini
vid_20240213_100344_0147,gemini
vid_20240213_100344_0148,gemini
vid_20240213_100344_0149,gemini
vid_20240213_100344_0150,gemini
vid_20240213_100344_0151,gemini
vid_20240213_100344_0152,gemini
vid_20240213_100344_0153,gemini
vid_20240213_100344_0154,gemini
vid_20240213_100344_0155,gemini
vid_20240213_100344_0156,gemini
vid_20240213_100344_0157,gemini
vid_20240213_100344_0158,gemini
vid_20240213_100344_0159,gemini
vid_20240213_100344_0160,gemini
vid_20240213_100344_0161,gemini
vid_20240213_100344_0162,gemini
vid_20240213_100344_0163,gemini
vid_20240213_100344_0164,gemini
vid_20240213_100344_0165,gemini
vid_20240213_100344_0166,gemini
vid_20240213_100344_0167,gemini
vid_20240213_100344_0168,gemini
vid_20240213_100344_0169,gemini
vid_20240213_100344_0170,gemini
vid_20240213_100344_0171,gemini
vid_20240213_100344_0172,gemini
vid_20240213_100344_0173,gemini
vid_20240213_100344_0174,gemini
vid_20240213_100344_0175,gemini
vid_20240213_100344_0176,gemini
vid_20240213_100344_0177,gemini
vid_20240213_100344_0178,gemini
vid_20240213_100344_0179,gemini
vid_20240213_100344_0180,gemini
vid_20240213_100344_0181,gemini
vid_20240213_100344_0182,gemini
vid_20240213_100344_0183,gemini
vid_20240213_100344_0184,gemini
vid_20240213_100344_0185,gemini
vid_20240213_100344_0186,gemini
vid_20240213_100344_0187,gemini
vid_20240213_100344_0188,gemini
vid_20240213_100344_0189,gemini
vid_20240213_100344_0190,gemini
vid_20240213_100344_0191,gemini
vid_20240213_100344_0192,gemini
vid_20240213_100344_0193,gemini
vid_20240213_100344_0194,gemini
vid_20240213_100344_0195,gemini
vid_20240213_100344_0196,gemini
vid_20240213_100344_0197,gemini
vid_20240213_100344_0198,gemini
vid_20240213_100344_0199,gemini
vid_20240213_100344_0200,gemini
